<annotation>
	<folder>dry</folder>
	<filename>dry-34-girl-0210.jpg</filename>
	<path>D:\git\skin_classification\data\train\dry\dry-34-girl-0210.jpg</path>
	<source>
		<database>Unknown</database>
	</source>
	<size>
		<width>960</width>
		<height>1280</height>
		<depth>3</depth>
	</size>
	<segmented>0</segmented>
	<object>
		<name>dry</name>
		<pose>Unspecified</pose>
		<truncated>0</truncated>
		<difficult>0</difficult>
		<bndbox>
			<xmin>403</xmin>
			<ymin>248</ymin>
			<xmax>497</xmax>
			<ymax>348</ymax>
		</bndbox>
	</object>
	<object>
		<name>dry</name>
		<pose>Unspecified</pose>
		<truncated>0</truncated>
		<difficult>0</difficult>
		<bndbox>
			<xmin>228</xmin>
			<ymin>628</ymin>
			<xmax>340</xmax>
			<ymax>713</ymax>
		</bndbox>
	</object>
	<object>
		<name>dry</name>
		<pose>Unspecified</pose>
		<truncated>0</truncated>
		<difficult>0</difficult>
		<bndbox>
			<xmin>438</xmin>
			<ymin>648</ymin>
			<xmax>505</xmax>
			<ymax>722</ymax>
		</bndbox>
	</object>
	<object>
		<name>dry</name>
		<pose>Unspecified</pose>
		<truncated>0</truncated>
		<difficult>0</difficult>
		<bndbox>
			<xmin>620</xmin>
			<ymin>666</ymin>
			<xmax>703</xmax>
			<ymax>779</ymax>
		</bndbox>
	</object>
</annotation>
