<annotation>
	<folder>dry</folder>
	<filename>dry-20-girl-0225.jpg</filename>
	<path>D:\git\skin_classification\data\train\dry\dry-20-girl-0225.jpg</path>
	<source>
		<database>Unknown</database>
	</source>
	<size>
		<width>1080</width>
		<height>1440</height>
		<depth>3</depth>
	</size>
	<segmented>0</segmented>
	<object>
		<name>dry</name>
		<pose>Unspecified</pose>
		<truncated>0</truncated>
		<difficult>0</difficult>
		<bndbox>
			<xmin>145</xmin>
			<ymin>820</ymin>
			<xmax>238</xmax>
			<ymax>967</ymax>
		</bndbox>
	</object>
	<object>
		<name>dry</name>
		<pose>Unspecified</pose>
		<truncated>0</truncated>
		<difficult>0</difficult>
		<bndbox>
			<xmin>447</xmin>
			<ymin>680</ymin>
			<xmax>623</xmax>
			<ymax>838</ymax>
		</bndbox>
	</object>
	<object>
		<name>dry</name>
		<pose>Unspecified</pose>
		<truncated>0</truncated>
		<difficult>0</difficult>
		<bndbox>
			<xmin>885</xmin>
			<ymin>754</ymin>
			<xmax>1003</xmax>
			<ymax>949</ymax>
		</bndbox>
	</object>
	<object>
		<name>dry</name>
		<pose>Unspecified</pose>
		<truncated>0</truncated>
		<difficult>0</difficult>
		<bndbox>
			<xmin>407</xmin>
			<ymin>118</ymin>
			<xmax>585</xmax>
			<ymax>278</ymax>
		</bndbox>
	</object>
</annotation>
