<annotation>
	<folder>dry</folder>
	<filename>dry-girl-022201.jpg</filename>
	<path>D:\git\skin_classification\data\train\dry\dry-girl-022201.jpg</path>
	<source>
		<database>Unknown</database>
	</source>
	<size>
		<width>720</width>
		<height>1280</height>
		<depth>3</depth>
	</size>
	<segmented>0</segmented>
	<object>
		<name>dry</name>
		<pose>Unspecified</pose>
		<truncated>0</truncated>
		<difficult>0</difficult>
		<bndbox>
			<xmin>224</xmin>
			<ymin>669</ymin>
			<xmax>453</xmax>
			<ymax>852</ymax>
		</bndbox>
	</object>
	<object>
		<name>dry</name>
		<pose>Unspecified</pose>
		<truncated>0</truncated>
		<difficult>0</difficult>
		<bndbox>
			<xmin>408</xmin>
			<ymin>252</ymin>
			<xmax>504</xmax>
			<ymax>366</ymax>
		</bndbox>
	</object>
</annotation>
