<annotation>
	<folder>dry</folder>
	<filename>dry-girl-020201.jpg</filename>
	<path>D:\git\skin_classification\data\train\dry\dry-girl-020201.jpg</path>
	<source>
		<database>Unknown</database>
	</source>
	<size>
		<width>1080</width>
		<height>1920</height>
		<depth>3</depth>
	</size>
	<segmented>0</segmented>
	<object>
		<name>dry</name>
		<pose>Unspecified</pose>
		<truncated>0</truncated>
		<difficult>0</difficult>
		<bndbox>
			<xmin>774</xmin>
			<ymin>1072</ymin>
			<xmax>883</xmax>
			<ymax>1231</ymax>
		</bndbox>
	</object>
	<object>
		<name>dry</name>
		<pose>Unspecified</pose>
		<truncated>0</truncated>
		<difficult>0</difficult>
		<bndbox>
			<xmin>465</xmin>
			<ymin>828</ymin>
			<xmax>741</xmax>
			<ymax>1049</ymax>
		</bndbox>
	</object>
	<object>
		<name>dry</name>
		<pose>Unspecified</pose>
		<truncated>0</truncated>
		<difficult>0</difficult>
		<bndbox>
			<xmin>180</xmin>
			<ymin>805</ymin>
			<xmax>300</xmax>
			<ymax>943</ymax>
		</bndbox>
	</object>
	<object>
		<name>dry</name>
		<pose>Unspecified</pose>
		<truncated>0</truncated>
		<difficult>0</difficult>
		<bndbox>
			<xmin>165</xmin>
			<ymin>146</ymin>
			<xmax>453</xmax>
			<ymax>361</ymax>
		</bndbox>
	</object>
</annotation>
