<annotation>
	<folder>dry</folder>
	<filename>dry-girl-3-1.jpg</filename>
	<path>D:\git\skin_classification\data\train\dry\dry-girl-3-1.jpg</path>
	<source>
		<database>Unknown</database>
	</source>
	<size>
		<width>1080</width>
		<height>1080</height>
		<depth>3</depth>
	</size>
	<segmented>0</segmented>
	<object>
		<name>dry</name>
		<pose>Unspecified</pose>
		<truncated>0</truncated>
		<difficult>0</difficult>
		<bndbox>
			<xmin>214</xmin>
			<ymin>186</ymin>
			<xmax>398</xmax>
			<ymax>365</ymax>
		</bndbox>
	</object>
	<object>
		<name>dry</name>
		<pose>Unspecified</pose>
		<truncated>0</truncated>
		<difficult>0</difficult>
		<bndbox>
			<xmin>306</xmin>
			<ymin>509</ymin>
			<xmax>519</xmax>
			<ymax>709</ymax>
		</bndbox>
	</object>
</annotation>
