<annotation>
	<folder>dry</folder>
	<filename>dry-27-girl-020401.jpg</filename>
	<path>D:\git\skin_classification\data\train\dry\dry-27-girl-020401.jpg</path>
	<source>
		<database>Unknown</database>
	</source>
	<size>
		<width>960</width>
		<height>1280</height>
		<depth>3</depth>
	</size>
	<segmented>0</segmented>
	<object>
		<name>dry</name>
		<pose>Unspecified</pose>
		<truncated>0</truncated>
		<difficult>0</difficult>
		<bndbox>
			<xmin>406</xmin>
			<ymin>775</ymin>
			<xmax>591</xmax>
			<ymax>952</ymax>
		</bndbox>
	</object>
	<object>
		<name>dry</name>
		<pose>Unspecified</pose>
		<truncated>0</truncated>
		<difficult>0</difficult>
		<bndbox>
			<xmin>605</xmin>
			<ymin>679</ymin>
			<xmax>716</xmax>
			<ymax>797</ymax>
		</bndbox>
	</object>
</annotation>
