<annotation>
	<folder>dry</folder>
	<filename>dry-girl-2-2.jpg</filename>
	<path>D:\git\skin_classification\data\train\dry\dry-girl-2-2.jpg</path>
	<source>
		<database>Unknown</database>
	</source>
	<size>
		<width>960</width>
		<height>1280</height>
		<depth>3</depth>
	</size>
	<segmented>0</segmented>
	<object>
		<name>dry</name>
		<pose>Unspecified</pose>
		<truncated>0</truncated>
		<difficult>0</difficult>
		<bndbox>
			<xmin>508</xmin>
			<ymin>501</ymin>
			<xmax>606</xmax>
			<ymax>662</ymax>
		</bndbox>
	</object>
	<object>
		<name>dry</name>
		<pose>Unspecified</pose>
		<truncated>0</truncated>
		<difficult>0</difficult>
		<bndbox>
			<xmin>479</xmin>
			<ymin>454</ymin>
			<xmax>544</xmax>
			<ymax>534</ymax>
		</bndbox>
	</object>
</annotation>
