<annotation>
	<folder>dry</folder>
	<filename>dry-27-girl-0204.jpg</filename>
	<path>D:\git\skin_classification\data\train\dry\dry-27-girl-0204.jpg</path>
	<source>
		<database>Unknown</database>
	</source>
	<size>
		<width>960</width>
		<height>1280</height>
		<depth>3</depth>
	</size>
	<segmented>0</segmented>
	<object>
		<name>dry</name>
		<pose>Unspecified</pose>
		<truncated>0</truncated>
		<difficult>0</difficult>
		<bndbox>
			<xmin>159</xmin>
			<ymin>697</ymin>
			<xmax>261</xmax>
			<ymax>795</ymax>
		</bndbox>
	</object>
	<object>
		<name>dry</name>
		<pose>Unspecified</pose>
		<truncated>0</truncated>
		<difficult>0</difficult>
		<bndbox>
			<xmin>399</xmin>
			<ymin>681</ymin>
			<xmax>542</xmax>
			<ymax>834</ymax>
		</bndbox>
	</object>
	<object>
		<name>dry</name>
		<pose>Unspecified</pose>
		<truncated>0</truncated>
		<difficult>0</difficult>
		<bndbox>
			<xmin>693</xmin>
			<ymin>668</ymin>
			<xmax>805</xmax>
			<ymax>756</ymax>
		</bndbox>
	</object>
	<object>
		<name>dry</name>
		<pose>Unspecified</pose>
		<truncated>0</truncated>
		<difficult>0</difficult>
		<bndbox>
			<xmin>348</xmin>
			<ymin>217</ymin>
			<xmax>569</xmax>
			<ymax>373</ymax>
		</bndbox>
	</object>
</annotation>
