<annotation>
	<folder>dry</folder>
	<filename>dry-girl-0202.jpg</filename>
	<path>D:\git\skin_classification\data\train\dry\dry-girl-0202.jpg</path>
	<source>
		<database>Unknown</database>
	</source>
	<size>
		<width>1080</width>
		<height>1920</height>
		<depth>3</depth>
	</size>
	<segmented>0</segmented>
	<object>
		<name>dry</name>
		<pose>Unspecified</pose>
		<truncated>0</truncated>
		<difficult>0</difficult>
		<bndbox>
			<xmin>362</xmin>
			<ymin>299</ymin>
			<xmax>736</xmax>
			<ymax>499</ymax>
		</bndbox>
	</object>
	<object>
		<name>dry</name>
		<pose>Unspecified</pose>
		<truncated>0</truncated>
		<difficult>0</difficult>
		<bndbox>
			<xmin>147</xmin>
			<ymin>869</ymin>
			<xmax>318</xmax>
			<ymax>1081</ymax>
		</bndbox>
	</object>
	<object>
		<name>dry</name>
		<pose>Unspecified</pose>
		<truncated>0</truncated>
		<difficult>0</difficult>
		<bndbox>
			<xmin>789</xmin>
			<ymin>884</ymin>
			<xmax>965</xmax>
			<ymax>1140</ymax>
		</bndbox>
	</object>
	<object>
		<name>dry</name>
		<pose>Unspecified</pose>
		<truncated>0</truncated>
		<difficult>0</difficult>
		<bndbox>
			<xmin>439</xmin>
			<ymin>1405</ymin>
			<xmax>656</xmax>
			<ymax>1487</ymax>
		</bndbox>
	</object>
</annotation>
