<annotation>
	<folder>dry</folder>
	<filename>dry-girl-0219.jpg</filename>
	<path>D:\git\skin_classification\data\train\dry\dry-girl-0219.jpg</path>
	<source>
		<database>Unknown</database>
	</source>
	<size>
		<width>1280</width>
		<height>1280</height>
		<depth>3</depth>
	</size>
	<segmented>0</segmented>
	<object>
		<name>dry</name>
		<pose>Unspecified</pose>
		<truncated>0</truncated>
		<difficult>0</difficult>
		<bndbox>
			<xmin>578</xmin>
			<ymin>313</ymin>
			<xmax>768</xmax>
			<ymax>481</ymax>
		</bndbox>
	</object>
	<object>
		<name>dry</name>
		<pose>Unspecified</pose>
		<truncated>0</truncated>
		<difficult>0</difficult>
		<bndbox>
			<xmin>370</xmin>
			<ymin>832</ymin>
			<xmax>482</xmax>
			<ymax>960</ymax>
		</bndbox>
	</object>
	<object>
		<name>dry</name>
		<pose>Unspecified</pose>
		<truncated>0</truncated>
		<difficult>0</difficult>
		<bndbox>
			<xmin>619</xmin>
			<ymin>773</ymin>
			<xmax>729</xmax>
			<ymax>899</ymax>
		</bndbox>
	</object>
	<object>
		<name>dry</name>
		<pose>Unspecified</pose>
		<truncated>0</truncated>
		<difficult>0</difficult>
		<bndbox>
			<xmin>921</xmin>
			<ymin>807</ymin>
			<xmax>1061</xmax>
			<ymax>977</ymax>
		</bndbox>
	</object>
</annotation>
