<annotation>
	<folder>mix</folder>
	<filename>mix-36-girl-021401.jpg</filename>
	<path>D:\git\skin_classification\data\train\mix\mix-36-girl-021401.jpg</path>
	<source>
		<database>Unknown</database>
	</source>
	<size>
		<width>960</width>
		<height>1280</height>
		<depth>3</depth>
	</size>
	<segmented>0</segmented>
	<object>
		<name>oil</name>
		<pose>Unspecified</pose>
		<truncated>0</truncated>
		<difficult>0</difficult>
		<bndbox>
			<xmin>434</xmin>
			<ymin>103</ymin>
			<xmax>542</xmax>
			<ymax>240</ymax>
		</bndbox>
	</object>
	<object>
		<name>dry</name>
		<pose>Unspecified</pose>
		<truncated>0</truncated>
		<difficult>0</difficult>
		<bndbox>
			<xmin>269</xmin>
			<ymin>642</ymin>
			<xmax>463</xmax>
			<ymax>889</ymax>
		</bndbox>
	</object>
</annotation>
