<annotation>
	<folder>mix</folder>
	<filename>mix-39-girl-023101.jpg</filename>
	<path>D:\git\skin_classification\data\train\mix\mix-39-girl-023101.jpg</path>
	<source>
		<database>Unknown</database>
	</source>
	<size>
		<width>960</width>
		<height>1280</height>
		<depth>3</depth>
	</size>
	<segmented>0</segmented>
	<object>
		<name>oil</name>
		<pose>Unspecified</pose>
		<truncated>0</truncated>
		<difficult>0</difficult>
		<bndbox>
			<xmin>234</xmin>
			<ymin>175</ymin>
			<xmax>308</xmax>
			<ymax>297</ymax>
		</bndbox>
	</object>
	<object>
		<name>dry</name>
		<pose>Unspecified</pose>
		<truncated>0</truncated>
		<difficult>0</difficult>
		<bndbox>
			<xmin>238</xmin>
			<ymin>485</ymin>
			<xmax>320</xmax>
			<ymax>593</ymax>
		</bndbox>
	</object>
</annotation>
