<annotation>
	<folder>mix</folder>
	<filename>mix-38-girl-0209.jpg</filename>
	<path>D:\git\skin_classification\data\train\mix\mix-38-girl-0209.jpg</path>
	<source>
		<database>Unknown</database>
	</source>
	<size>
		<width>960</width>
		<height>1280</height>
		<depth>3</depth>
	</size>
	<segmented>0</segmented>
	<object>
		<name>oil</name>
		<pose>Unspecified</pose>
		<truncated>0</truncated>
		<difficult>0</difficult>
		<bndbox>
			<xmin>193</xmin>
			<ymin>273</ymin>
			<xmax>336</xmax>
			<ymax>346</ymax>
		</bndbox>
	</object>
	<object>
		<name>dry</name>
		<pose>Unspecified</pose>
		<truncated>0</truncated>
		<difficult>0</difficult>
		<bndbox>
			<xmin>363</xmin>
			<ymin>703</ymin>
			<xmax>542</xmax>
			<ymax>871</ymax>
		</bndbox>
	</object>
</annotation>
