<annotation>
	<folder>mix</folder>
	<filename>mix-36-girl-0214.jpg</filename>
	<path>D:\git\skin_classification\data\train\mix\mix-36-girl-0214.jpg</path>
	<source>
		<database>Unknown</database>
	</source>
	<size>
		<width>960</width>
		<height>1280</height>
		<depth>3</depth>
	</size>
	<segmented>0</segmented>
	<object>
		<name>oil</name>
		<pose>Unspecified</pose>
		<truncated>0</truncated>
		<difficult>0</difficult>
		<bndbox>
			<xmin>324</xmin>
			<ymin>158</ymin>
			<xmax>489</xmax>
			<ymax>318</ymax>
		</bndbox>
	</object>
	<object>
		<name>oil</name>
		<pose>Unspecified</pose>
		<truncated>0</truncated>
		<difficult>0</difficult>
		<bndbox>
			<xmin>367</xmin>
			<ymin>575</ymin>
			<xmax>489</xmax>
			<ymax>766</ymax>
		</bndbox>
	</object>
	<object>
		<name>dry</name>
		<pose>Unspecified</pose>
		<truncated>0</truncated>
		<difficult>0</difficult>
		<bndbox>
			<xmin>136</xmin>
			<ymin>666</ymin>
			<xmax>244</xmax>
			<ymax>787</ymax>
		</bndbox>
	</object>
	<object>
		<name>dry</name>
		<pose>Unspecified</pose>
		<truncated>0</truncated>
		<difficult>0</difficult>
		<bndbox>
			<xmin>689</xmin>
			<ymin>617</ymin>
			<xmax>755</xmax>
			<ymax>771</ymax>
		</bndbox>
	</object>
</annotation>
