<annotation>
	<folder>mix</folder>
	<filename>mix-girl-10.jpg</filename>
	<path>D:\git\skin_classification\data\train\mix\mix-girl-10.jpg</path>
	<source>
		<database>Unknown</database>
	</source>
	<size>
		<width>600</width>
		<height>800</height>
		<depth>3</depth>
	</size>
	<segmented>0</segmented>
	<object>
		<name>oil</name>
		<pose>Unspecified</pose>
		<truncated>0</truncated>
		<difficult>0</difficult>
		<bndbox>
			<xmin>219</xmin>
			<ymin>121</ymin>
			<xmax>314</xmax>
			<ymax>205</ymax>
		</bndbox>
	</object>
	<object>
		<name>oil</name>
		<pose>Unspecified</pose>
		<truncated>0</truncated>
		<difficult>0</difficult>
		<bndbox>
			<xmin>244</xmin>
			<ymin>316</ymin>
			<xmax>293</xmax>
			<ymax>385</ymax>
		</bndbox>
	</object>
	<object>
		<name>dry</name>
		<pose>Unspecified</pose>
		<truncated>0</truncated>
		<difficult>0</difficult>
		<bndbox>
			<xmin>137</xmin>
			<ymin>344</ymin>
			<xmax>193</xmax>
			<ymax>418</ymax>
		</bndbox>
	</object>
	<object>
		<name>dry</name>
		<pose>Unspecified</pose>
		<truncated>0</truncated>
		<difficult>0</difficult>
		<bndbox>
			<xmin>384</xmin>
			<ymin>353</ymin>
			<xmax>433</xmax>
			<ymax>432</ymax>
		</bndbox>
	</object>
</annotation>
