<annotation>
	<folder>mix</folder>
	<filename>mix-girl-6-1.jpg</filename>
	<path>D:\git\skin_classification\data\train\mix\mix-girl-6-1.jpg</path>
	<source>
		<database>Unknown</database>
	</source>
	<size>
		<width>1080</width>
		<height>1440</height>
		<depth>3</depth>
	</size>
	<segmented>0</segmented>
	<object>
		<name>oil</name>
		<pose>Unspecified</pose>
		<truncated>0</truncated>
		<difficult>0</difficult>
		<bndbox>
			<xmin>156</xmin>
			<ymin>576</ymin>
			<xmax>323</xmax>
			<ymax>869</ymax>
		</bndbox>
	</object>
	<object>
		<name>dry</name>
		<pose>Unspecified</pose>
		<truncated>0</truncated>
		<difficult>0</difficult>
		<bndbox>
			<xmin>643</xmin>
			<ymin>794</ymin>
			<xmax>898</xmax>
			<ymax>1063</ymax>
		</bndbox>
	</object>
	<object>
		<name>dry</name>
		<pose>Unspecified</pose>
		<truncated>0</truncated>
		<difficult>0</difficult>
		<bndbox>
			<xmin>789</xmin>
			<ymin>487</ymin>
			<xmax>1000</xmax>
			<ymax>618</ymax>
		</bndbox>
	</object>
</annotation>
