<annotation>
	<folder>mix</folder>
	<filename>mix-girl-6.jpg</filename>
	<path>D:\git\skin_classification\data\train\mix\mix-girl-6.jpg</path>
	<source>
		<database>Unknown</database>
	</source>
	<size>
		<width>1080</width>
		<height>1440</height>
		<depth>3</depth>
	</size>
	<segmented>0</segmented>
	<object>
		<name>oil</name>
		<pose>Unspecified</pose>
		<truncated>0</truncated>
		<difficult>0</difficult>
		<bndbox>
			<xmin>429</xmin>
			<ymin>654</ymin>
			<xmax>576</xmax>
			<ymax>927</ymax>
		</bndbox>
	</object>
	<object>
		<name>dry</name>
		<pose>Unspecified</pose>
		<truncated>0</truncated>
		<difficult>0</difficult>
		<bndbox>
			<xmin>789</xmin>
			<ymin>831</ymin>
			<xmax>934</xmax>
			<ymax>1043</ymax>
		</bndbox>
	</object>
</annotation>
