<annotation>
	<folder>mix</folder>
	<filename>mix-30-boy-0232.jpg</filename>
	<path>D:\git\skin_classification\data\train\mix\mix-30-boy-0232.jpg</path>
	<source>
		<database>Unknown</database>
	</source>
	<size>
		<width>960</width>
		<height>1280</height>
		<depth>3</depth>
	</size>
	<segmented>0</segmented>
	<object>
		<name>oil</name>
		<pose>Unspecified</pose>
		<truncated>0</truncated>
		<difficult>0</difficult>
		<bndbox>
			<xmin>530</xmin>
			<ymin>238</ymin>
			<xmax>695</xmax>
			<ymax>330</ymax>
		</bndbox>
	</object>
	<object>
		<name>oil</name>
		<pose>Unspecified</pose>
		<truncated>0</truncated>
		<difficult>0</difficult>
		<bndbox>
			<xmin>438</xmin>
			<ymin>579</ymin>
			<xmax>501</xmax>
			<ymax>766</ymax>
		</bndbox>
	</object>
	<object>
		<name>dry</name>
		<pose>Unspecified</pose>
		<truncated>0</truncated>
		<difficult>0</difficult>
		<bndbox>
			<xmin>671</xmin>
			<ymin>666</ymin>
			<xmax>777</xmax>
			<ymax>832</ymax>
		</bndbox>
	</object>
	<object>
		<name>dry</name>
		<pose>Unspecified</pose>
		<truncated>0</truncated>
		<difficult>0</difficult>
		<bndbox>
			<xmin>142</xmin>
			<ymin>683</ymin>
			<xmax>273</xmax>
			<ymax>828</ymax>
		</bndbox>
	</object>
</annotation>
