<annotation>
	<folder>mix</folder>
	<filename>mix-girl-10-1.jpg</filename>
	<path>D:\git\skin_classification\data\train\mix\mix-girl-10-1.jpg</path>
	<source>
		<database>Unknown</database>
	</source>
	<size>
		<width>600</width>
		<height>800</height>
		<depth>3</depth>
	</size>
	<segmented>0</segmented>
	<object>
		<name>oil</name>
		<pose>Unspecified</pose>
		<truncated>0</truncated>
		<difficult>0</difficult>
		<bndbox>
			<xmin>166</xmin>
			<ymin>70</ymin>
			<xmax>354</xmax>
			<ymax>166</ymax>
		</bndbox>
	</object>
	<object>
		<name>dry</name>
		<pose>Unspecified</pose>
		<truncated>0</truncated>
		<difficult>0</difficult>
		<bndbox>
			<xmin>243</xmin>
			<ymin>349</ymin>
			<xmax>338</xmax>
			<ymax>487</ymax>
		</bndbox>
	</object>
</annotation>
