<annotation>
	<folder>mix</folder>
	<filename>mix-girl-0201.jpg</filename>
	<path>D:\git\skin_classification\data\train\mix\mix-girl-0201.jpg</path>
	<source>
		<database>Unknown</database>
	</source>
	<size>
		<width>1080</width>
		<height>1440</height>
		<depth>3</depth>
	</size>
	<segmented>0</segmented>
	<object>
		<name>oil</name>
		<pose>Unspecified</pose>
		<truncated>0</truncated>
		<difficult>0</difficult>
		<bndbox>
			<xmin>578</xmin>
			<ymin>118</ymin>
			<xmax>756</xmax>
			<ymax>269</ymax>
		</bndbox>
	</object>
	<object>
		<name>oil</name>
		<pose>Unspecified</pose>
		<truncated>0</truncated>
		<difficult>0</difficult>
		<bndbox>
			<xmin>600</xmin>
			<ymin>629</ymin>
			<xmax>812</xmax>
			<ymax>938</ymax>
		</bndbox>
	</object>
	<object>
		<name>dry</name>
		<pose>Unspecified</pose>
		<truncated>0</truncated>
		<difficult>0</difficult>
		<bndbox>
			<xmin>296</xmin>
			<ymin>647</ymin>
			<xmax>405</xmax>
			<ymax>736</ymax>
		</bndbox>
	</object>
	<object>
		<name>dry</name>
		<pose>Unspecified</pose>
		<truncated>0</truncated>
		<difficult>0</difficult>
		<bndbox>
			<xmin>278</xmin>
			<ymin>823</ymin>
			<xmax>376</xmax>
			<ymax>996</ymax>
		</bndbox>
	</object>
</annotation>
