<annotation>
	<folder>mix</folder>
	<filename>mix-36-girl-0230.jpg</filename>
	<path>D:\git\skin_classification\data\train\mix\mix-36-girl-0230.jpg</path>
	<source>
		<database>Unknown</database>
	</source>
	<size>
		<width>960</width>
		<height>1280</height>
		<depth>3</depth>
	</size>
	<segmented>0</segmented>
	<object>
		<name>oil</name>
		<pose>Unspecified</pose>
		<truncated>0</truncated>
		<difficult>0</difficult>
		<bndbox>
			<xmin>526</xmin>
			<ymin>385</ymin>
			<xmax>626</xmax>
			<ymax>448</ymax>
		</bndbox>
	</object>
	<object>
		<name>oil</name>
		<pose>Unspecified</pose>
		<truncated>0</truncated>
		<difficult>0</difficult>
		<bndbox>
			<xmin>475</xmin>
			<ymin>611</ymin>
			<xmax>579</xmax>
			<ymax>713</ymax>
		</bndbox>
	</object>
	<object>
		<name>dry</name>
		<pose>Unspecified</pose>
		<truncated>0</truncated>
		<difficult>0</difficult>
		<bndbox>
			<xmin>299</xmin>
			<ymin>640</ymin>
			<xmax>377</xmax>
			<ymax>746</ymax>
		</bndbox>
	</object>
	<object>
		<name>dry</name>
		<pose>Unspecified</pose>
		<truncated>0</truncated>
		<difficult>0</difficult>
		<bndbox>
			<xmin>630</xmin>
			<ymin>644</ymin>
			<xmax>699</xmax>
			<ymax>750</ymax>
		</bndbox>
	</object>
</annotation>
