<annotation>
	<folder>mix</folder>
	<filename>mix-girl-020101.jpg</filename>
	<path>D:\git\skin_classification\data\train\mix\mix-girl-020101.jpg</path>
	<source>
		<database>Unknown</database>
	</source>
	<size>
		<width>1080</width>
		<height>1440</height>
		<depth>3</depth>
	</size>
	<segmented>0</segmented>
	<object>
		<name>oil</name>
		<pose>Unspecified</pose>
		<truncated>0</truncated>
		<difficult>0</difficult>
		<bndbox>
			<xmin>763</xmin>
			<ymin>5</ymin>
			<xmax>878</xmax>
			<ymax>78</ymax>
		</bndbox>
	</object>
	<object>
		<name>oil</name>
		<pose>Unspecified</pose>
		<truncated>0</truncated>
		<difficult>0</difficult>
		<bndbox>
			<xmin>867</xmin>
			<ymin>129</ymin>
			<xmax>963</xmax>
			<ymax>176</ymax>
		</bndbox>
	</object>
	<object>
		<name>oil</name>
		<pose>Unspecified</pose>
		<truncated>0</truncated>
		<difficult>0</difficult>
		<bndbox>
			<xmin>989</xmin>
			<ymin>647</ymin>
			<xmax>1076</xmax>
			<ymax>800</ymax>
		</bndbox>
	</object>
	<object>
		<name>dry</name>
		<pose>Unspecified</pose>
		<truncated>0</truncated>
		<difficult>0</difficult>
		<bndbox>
			<xmin>476</xmin>
			<ymin>554</ymin>
			<xmax>709</xmax>
			<ymax>834</ymax>
		</bndbox>
	</object>
</annotation>
