<annotation>
	<folder>mix</folder>
	<filename>mix-girl-10-2.jpg</filename>
	<path>D:\git\skin_classification\data\train\mix\mix-girl-10-2.jpg</path>
	<source>
		<database>Unknown</database>
	</source>
	<size>
		<width>600</width>
		<height>800</height>
		<depth>3</depth>
	</size>
	<segmented>0</segmented>
	<object>
		<name>oil</name>
		<pose>Unspecified</pose>
		<truncated>0</truncated>
		<difficult>0</difficult>
		<bndbox>
			<xmin>466</xmin>
			<ymin>75</ymin>
			<xmax>583</xmax>
			<ymax>187</ymax>
		</bndbox>
	</object>
	<object>
		<name>dry</name>
		<pose>Unspecified</pose>
		<truncated>0</truncated>
		<difficult>0</difficult>
		<bndbox>
			<xmin>360</xmin>
			<ymin>455</ymin>
			<xmax>495</xmax>
			<ymax>587</ymax>
		</bndbox>
	</object>
</annotation>
