<annotation>
	<folder>mix</folder>
	<filename>mix-33-girl-0237.jpg</filename>
	<path>D:\git\skin_classification\data\train\mix\mix-33-girl-0237.jpg</path>
	<source>
		<database>Unknown</database>
	</source>
	<size>
		<width>1080</width>
		<height>1438</height>
		<depth>3</depth>
	</size>
	<segmented>0</segmented>
	<object>
		<name>oil</name>
		<pose>Unspecified</pose>
		<truncated>0</truncated>
		<difficult>0</difficult>
		<bndbox>
			<xmin>416</xmin>
			<ymin>233</ymin>
			<xmax>669</xmax>
			<ymax>393</ymax>
		</bndbox>
	</object>
	<object>
		<name>oil</name>
		<pose>Unspecified</pose>
		<truncated>0</truncated>
		<difficult>0</difficult>
		<bndbox>
			<xmin>478</xmin>
			<ymin>822</ymin>
			<xmax>634</xmax>
			<ymax>977</ymax>
		</bndbox>
	</object>
	<object>
		<name>dry</name>
		<pose>Unspecified</pose>
		<truncated>0</truncated>
		<difficult>0</difficult>
		<bndbox>
			<xmin>169</xmin>
			<ymin>846</ymin>
			<xmax>294</xmax>
			<ymax>1024</ymax>
		</bndbox>
	</object>
	<object>
		<name>dry</name>
		<pose>Unspecified</pose>
		<truncated>0</truncated>
		<difficult>0</difficult>
		<bndbox>
			<xmin>754</xmin>
			<ymin>830</ymin>
			<xmax>865</xmax>
			<ymax>1008</ymax>
		</bndbox>
	</object>
</annotation>
