<annotation>
	<folder>mix</folder>
	<filename>mix-30-girl-023401.jpg</filename>
	<path>D:\git\skin_classification\data\train\mix\mix-30-girl-023401.jpg</path>
	<source>
		<database>Unknown</database>
	</source>
	<size>
		<width>1080</width>
		<height>1440</height>
		<depth>3</depth>
	</size>
	<segmented>0</segmented>
	<object>
		<name>oil</name>
		<pose>Unspecified</pose>
		<truncated>0</truncated>
		<difficult>0</difficult>
		<bndbox>
			<xmin>712</xmin>
			<ymin>189</ymin>
			<xmax>774</xmax>
			<ymax>307</ymax>
		</bndbox>
	</object>
	<object>
		<name>dry</name>
		<pose>Unspecified</pose>
		<truncated>0</truncated>
		<difficult>0</difficult>
		<bndbox>
			<xmin>436</xmin>
			<ymin>623</ymin>
			<xmax>609</xmax>
			<ymax>811</ymax>
		</bndbox>
	</object>
</annotation>
