<annotation>
	<folder>mix</folder>
	<filename>mix-50-girl-0223.jpg</filename>
	<path>D:\git\skin_classification\data\train\mix\mix-50-girl-0223.jpg</path>
	<source>
		<database>Unknown</database>
	</source>
	<size>
		<width>1080</width>
		<height>1440</height>
		<depth>3</depth>
	</size>
	<segmented>0</segmented>
	<object>
		<name>oil</name>
		<pose>Unspecified</pose>
		<truncated>0</truncated>
		<difficult>0</difficult>
		<bndbox>
			<xmin>372</xmin>
			<ymin>365</ymin>
			<xmax>529</xmax>
			<ymax>483</ymax>
		</bndbox>
	</object>
	<object>
		<name>oil</name>
		<pose>Unspecified</pose>
		<truncated>0</truncated>
		<difficult>0</difficult>
		<bndbox>
			<xmin>423</xmin>
			<ymin>871</ymin>
			<xmax>516</xmax>
			<ymax>1020</ymax>
		</bndbox>
	</object>
	<object>
		<name>dry</name>
		<pose>Unspecified</pose>
		<truncated>0</truncated>
		<difficult>0</difficult>
		<bndbox>
			<xmin>160</xmin>
			<ymin>958</ymin>
			<xmax>243</xmax>
			<ymax>1049</ymax>
		</bndbox>
	</object>
	<object>
		<name>dry</name>
		<pose>Unspecified</pose>
		<truncated>0</truncated>
		<difficult>0</difficult>
		<bndbox>
			<xmin>749</xmin>
			<ymin>905</ymin>
			<xmax>863</xmax>
			<ymax>1105</ymax>
		</bndbox>
	</object>
</annotation>
