<annotation>
	<folder>mix</folder>
	<filename>mix-36-girl-0235.jpg</filename>
	<path>D:\git\skin_classification\data\train\mix\mix-36-girl-0235.jpg</path>
	<source>
		<database>Unknown</database>
	</source>
	<size>
		<width>1080</width>
		<height>1440</height>
		<depth>3</depth>
	</size>
	<segmented>0</segmented>
	<object>
		<name>oil</name>
		<pose>Unspecified</pose>
		<truncated>0</truncated>
		<difficult>0</difficult>
		<bndbox>
			<xmin>505</xmin>
			<ymin>389</ymin>
			<xmax>669</xmax>
			<ymax>467</ymax>
		</bndbox>
	</object>
	<object>
		<name>oil</name>
		<pose>Unspecified</pose>
		<truncated>0</truncated>
		<difficult>0</difficult>
		<bndbox>
			<xmin>547</xmin>
			<ymin>605</ymin>
			<xmax>600</xmax>
			<ymax>678</ymax>
		</bndbox>
	</object>
	<object>
		<name>oil</name>
		<pose>Unspecified</pose>
		<truncated>0</truncated>
		<difficult>0</difficult>
		<bndbox>
			<xmin>554</xmin>
			<ymin>791</ymin>
			<xmax>607</xmax>
			<ymax>840</ymax>
		</bndbox>
	</object>
	<object>
		<name>dry</name>
		<pose>Unspecified</pose>
		<truncated>0</truncated>
		<difficult>0</difficult>
		<bndbox>
			<xmin>394</xmin>
			<ymin>640</ymin>
			<xmax>489</xmax>
			<ymax>716</ymax>
		</bndbox>
	</object>
	<object>
		<name>dry</name>
		<pose>Unspecified</pose>
		<truncated>0</truncated>
		<difficult>0</difficult>
		<bndbox>
			<xmin>674</xmin>
			<ymin>616</ymin>
			<xmax>720</xmax>
			<ymax>707</ymax>
		</bndbox>
	</object>
</annotation>
