<annotation>
	<folder>mix</folder>
	<filename>mix-38-girl-020901.jpg</filename>
	<path>D:\git\skin_classification\data\train\mix\mix-38-girl-020901.jpg</path>
	<source>
		<database>Unknown</database>
	</source>
	<size>
		<width>960</width>
		<height>1280</height>
		<depth>3</depth>
	</size>
	<segmented>0</segmented>
	<object>
		<name>oil</name>
		<pose>Unspecified</pose>
		<truncated>0</truncated>
		<difficult>0</difficult>
		<bndbox>
			<xmin>673</xmin>
			<ymin>254</ymin>
			<xmax>865</xmax>
			<ymax>385</ymax>
		</bndbox>
	</object>
	<object>
		<name>dry</name>
		<pose>Unspecified</pose>
		<truncated>0</truncated>
		<difficult>0</difficult>
		<bndbox>
			<xmin>557</xmin>
			<ymin>697</ymin>
			<xmax>705</xmax>
			<ymax>868</ymax>
		</bndbox>
	</object>
</annotation>
