<annotation>
	<folder>mix</folder>
	<filename>mix-40-girl-0226.jpg</filename>
	<path>D:\git\skin_classification\data\train\mix\mix-40-girl-0226.jpg</path>
	<source>
		<database>Unknown</database>
	</source>
	<size>
		<width>1080</width>
		<height>1440</height>
		<depth>3</depth>
	</size>
	<segmented>0</segmented>
	<object>
		<name>oil</name>
		<pose>Unspecified</pose>
		<truncated>0</truncated>
		<difficult>0</difficult>
		<bndbox>
			<xmin>469</xmin>
			<ymin>809</ymin>
			<xmax>609</xmax>
			<ymax>1007</ymax>
		</bndbox>
	</object>
	<object>
		<name>dry</name>
		<pose>Unspecified</pose>
		<truncated>0</truncated>
		<difficult>0</difficult>
		<bndbox>
			<xmin>132</xmin>
			<ymin>825</ymin>
			<xmax>296</xmax>
			<ymax>1009</ymax>
		</bndbox>
	</object>
	<object>
		<name>dry</name>
		<pose>Unspecified</pose>
		<truncated>0</truncated>
		<difficult>0</difficult>
		<bndbox>
			<xmin>794</xmin>
			<ymin>823</ymin>
			<xmax>920</xmax>
			<ymax>1011</ymax>
		</bndbox>
	</object>
</annotation>
