<annotation>
	<folder>mix</folder>
	<filename>mix-30-girl-0238.jpg</filename>
	<path>D:\git\skin_classification\data\train\mix\mix-30-girl-0238.jpg</path>
	<source>
		<database>Unknown</database>
	</source>
	<size>
		<width>960</width>
		<height>1280</height>
		<depth>3</depth>
	</size>
	<segmented>0</segmented>
	<object>
		<name>oil</name>
		<pose>Unspecified</pose>
		<truncated>0</truncated>
		<difficult>0</difficult>
		<bndbox>
			<xmin>461</xmin>
			<ymin>344</ymin>
			<xmax>603</xmax>
			<ymax>526</ymax>
		</bndbox>
	</object>
	<object>
		<name>oil</name>
		<pose>Unspecified</pose>
		<truncated>0</truncated>
		<difficult>0</difficult>
		<bndbox>
			<xmin>475</xmin>
			<ymin>728</ymin>
			<xmax>534</xmax>
			<ymax>856</ymax>
		</bndbox>
	</object>
	<object>
		<name>oil</name>
		<pose>Unspecified</pose>
		<truncated>0</truncated>
		<difficult>0</difficult>
		<bndbox>
			<xmin>259</xmin>
			<ymin>1097</ymin>
			<xmax>450</xmax>
			<ymax>1197</ymax>
		</bndbox>
	</object>
	<object>
		<name>dry</name>
		<pose>Unspecified</pose>
		<truncated>0</truncated>
		<difficult>0</difficult>
		<bndbox>
			<xmin>142</xmin>
			<ymin>711</ymin>
			<xmax>269</xmax>
			<ymax>877</ymax>
		</bndbox>
	</object>
</annotation>
