<annotation>
	<folder>mix</folder>
	<filename>mix-girl-11-1.jpg</filename>
	<path>D:\git\skin_classification\data\train\mix\mix-girl-11-1.jpg</path>
	<source>
		<database>Unknown</database>
	</source>
	<size>
		<width>960</width>
		<height>1280</height>
		<depth>3</depth>
	</size>
	<segmented>0</segmented>
	<object>
		<name>dry</name>
		<pose>Unspecified</pose>
		<truncated>0</truncated>
		<difficult>0</difficult>
		<bndbox>
			<xmin>369</xmin>
			<ymin>648</ymin>
			<xmax>581</xmax>
			<ymax>887</ymax>
		</bndbox>
	</object>
</annotation>
