<annotation>
	<folder>mix</folder>
	<filename>mix-boy-3.jpg</filename>
	<path>D:\git\skin_classification\data\train\mix\mix-boy-3.jpg</path>
	<source>
		<database>Unknown</database>
	</source>
	<size>
		<width>960</width>
		<height>1280</height>
		<depth>3</depth>
	</size>
	<segmented>0</segmented>
	<object>
		<name>oil</name>
		<pose>Unspecified</pose>
		<truncated>0</truncated>
		<difficult>0</difficult>
		<bndbox>
			<xmin>275</xmin>
			<ymin>107</ymin>
			<xmax>661</xmax>
			<ymax>299</ymax>
		</bndbox>
	</object>
	<object>
		<name>oil</name>
		<pose>Unspecified</pose>
		<truncated>0</truncated>
		<difficult>0</difficult>
		<bndbox>
			<xmin>379</xmin>
			<ymin>585</ymin>
			<xmax>524</xmax>
			<ymax>838</ymax>
		</bndbox>
	</object>
	<object>
		<name>oil</name>
		<pose>Unspecified</pose>
		<truncated>0</truncated>
		<difficult>0</difficult>
		<bndbox>
			<xmin>352</xmin>
			<ymin>1138</ymin>
			<xmax>555</xmax>
			<ymax>1220</ymax>
		</bndbox>
	</object>
	<object>
		<name>dry</name>
		<pose>Unspecified</pose>
		<truncated>0</truncated>
		<difficult>0</difficult>
		<bndbox>
			<xmin>103</xmin>
			<ymin>691</ymin>
			<xmax>242</xmax>
			<ymax>887</ymax>
		</bndbox>
	</object>
	<object>
		<name>dry</name>
		<pose>Unspecified</pose>
		<truncated>0</truncated>
		<difficult>0</difficult>
		<bndbox>
			<xmin>695</xmin>
			<ymin>705</ymin>
			<xmax>836</xmax>
			<ymax>893</ymax>
		</bndbox>
	</object>
</annotation>
