<annotation>
	<folder>mix</folder>
	<filename>mix-38-girl-0233.jpg</filename>
	<path>D:\git\skin_classification\data\train\mix\mix-38-girl-0233.jpg</path>
	<source>
		<database>Unknown</database>
	</source>
	<size>
		<width>1080</width>
		<height>1440</height>
		<depth>3</depth>
	</size>
	<segmented>0</segmented>
	<object>
		<name>oil</name>
		<pose>Unspecified</pose>
		<truncated>0</truncated>
		<difficult>0</difficult>
		<bndbox>
			<xmin>594</xmin>
			<ymin>745</ymin>
			<xmax>763</xmax>
			<ymax>851</ymax>
		</bndbox>
	</object>
	<object>
		<name>oil</name>
		<pose>Unspecified</pose>
		<truncated>0</truncated>
		<difficult>0</difficult>
		<bndbox>
			<xmin>609</xmin>
			<ymin>525</ymin>
			<xmax>687</xmax>
			<ymax>603</ymax>
		</bndbox>
	</object>
	<object>
		<name>dry</name>
		<pose>Unspecified</pose>
		<truncated>0</truncated>
		<difficult>0</difficult>
		<bndbox>
			<xmin>463</xmin>
			<ymin>551</ymin>
			<xmax>563</xmax>
			<ymax>694</ymax>
		</bndbox>
	</object>
	<object>
		<name>dry</name>
		<pose>Unspecified</pose>
		<truncated>0</truncated>
		<difficult>0</difficult>
		<bndbox>
			<xmin>800</xmin>
			<ymin>554</ymin>
			<xmax>883</xmax>
			<ymax>683</ymax>
		</bndbox>
	</object>
</annotation>
