<annotation>
	<folder>mix</folder>
	<filename>mix-39-girl-023102.jpg</filename>
	<path>D:\git\skin_classification\data\train\mix\mix-39-girl-023102.jpg</path>
	<source>
		<database>Unknown</database>
	</source>
	<size>
		<width>960</width>
		<height>1280</height>
		<depth>3</depth>
	</size>
	<segmented>0</segmented>
	<object>
		<name>oil</name>
		<pose>Unspecified</pose>
		<truncated>0</truncated>
		<difficult>0</difficult>
		<bndbox>
			<xmin>591</xmin>
			<ymin>315</ymin>
			<xmax>712</xmax>
			<ymax>417</ymax>
		</bndbox>
	</object>
	<object>
		<name>dry</name>
		<pose>Unspecified</pose>
		<truncated>0</truncated>
		<difficult>0</difficult>
		<bndbox>
			<xmin>499</xmin>
			<ymin>605</ymin>
			<xmax>654</xmax>
			<ymax>720</ymax>
		</bndbox>
	</object>
</annotation>
