<annotation>
	<folder>mid</folder>
	<filename>mid-girl-2-2.jpg</filename>
	<path>D:\git\skin_classification\data\train\mid\mid-girl-2-2.jpg</path>
	<source>
		<database>Unknown</database>
	</source>
	<size>
		<width>1080</width>
		<height>1440</height>
		<depth>3</depth>
	</size>
	<segmented>0</segmented>
	<object>
		<name>mid</name>
		<pose>Unspecified</pose>
		<truncated>0</truncated>
		<difficult>0</difficult>
		<bndbox>
			<xmin>378</xmin>
			<ymin>747</ymin>
			<xmax>647</xmax>
			<ymax>991</ymax>
		</bndbox>
	</object>
</annotation>
