<annotation>
	<folder>mid</folder>
	<filename>mid-26-girl-0228.jpg</filename>
	<path>D:\git\skin_classification\data\train\mid\mid-26-girl-0228.jpg</path>
	<source>
		<database>Unknown</database>
	</source>
	<size>
		<width>958</width>
		<height>1280</height>
		<depth>3</depth>
	</size>
	<segmented>0</segmented>
	<object>
		<name>mid</name>
		<pose>Unspecified</pose>
		<truncated>0</truncated>
		<difficult>0</difficult>
		<bndbox>
			<xmin>553</xmin>
			<ymin>399</ymin>
			<xmax>674</xmax>
			<ymax>534</ymax>
		</bndbox>
	</object>
	<object>
		<name>mid</name>
		<pose>Unspecified</pose>
		<truncated>0</truncated>
		<difficult>0</difficult>
		<bndbox>
			<xmin>296</xmin>
			<ymin>503</ymin>
			<xmax>368</xmax>
			<ymax>571</ymax>
		</bndbox>
	</object>
	<object>
		<name>mid</name>
		<pose>Unspecified</pose>
		<truncated>0</truncated>
		<difficult>0</difficult>
		<bndbox>
			<xmin>500</xmin>
			<ymin>413</ymin>
			<xmax>564</xmax>
			<ymax>483</ymax>
		</bndbox>
	</object>
	<object>
		<name>mid</name>
		<pose>Unspecified</pose>
		<truncated>0</truncated>
		<difficult>0</difficult>
		<bndbox>
			<xmin>298</xmin>
			<ymin>189</ymin>
			<xmax>417</xmax>
			<ymax>307</ymax>
		</bndbox>
	</object>
	<object>
		<name>mid</name>
		<pose>Unspecified</pose>
		<truncated>0</truncated>
		<difficult>0</difficult>
		<bndbox>
			<xmin>256</xmin>
			<ymin>266</ymin>
			<xmax>356</xmax>
			<ymax>352</ymax>
		</bndbox>
	</object>
</annotation>
