<annotation>
	<folder>mid</folder>
	<filename>mid-girl-2-1.jpg</filename>
	<path>D:\git\skin_classification\data\train\mid\mid-girl-2-1.jpg</path>
	<source>
		<database>Unknown</database>
	</source>
	<size>
		<width>1080</width>
		<height>1440</height>
		<depth>3</depth>
	</size>
	<segmented>0</segmented>
	<object>
		<name>mid</name>
		<pose>Unspecified</pose>
		<truncated>0</truncated>
		<difficult>0</difficult>
		<bndbox>
			<xmin>396</xmin>
			<ymin>551</ymin>
			<xmax>676</xmax>
			<ymax>780</ymax>
		</bndbox>
	</object>
	<object>
		<name>mid</name>
		<pose>Unspecified</pose>
		<truncated>0</truncated>
		<difficult>0</difficult>
		<bndbox>
			<xmin>56</xmin>
			<ymin>589</ymin>
			<xmax>207</xmax>
			<ymax>760</ymax>
		</bndbox>
	</object>
</annotation>
