<annotation>
	<folder>mid</folder>
	<filename>mid-34-girl-0227.jpg</filename>
	<path>D:\git\skin_classification\data\train\mid\mid-34-girl-0227.jpg</path>
	<source>
		<database>Unknown</database>
	</source>
	<size>
		<width>960</width>
		<height>1280</height>
		<depth>3</depth>
	</size>
	<segmented>0</segmented>
	<object>
		<name>mid</name>
		<pose>Unspecified</pose>
		<truncated>0</truncated>
		<difficult>0</difficult>
		<bndbox>
			<xmin>481</xmin>
			<ymin>432</ymin>
			<xmax>577</xmax>
			<ymax>517</ymax>
		</bndbox>
	</object>
	<object>
		<name>mid</name>
		<pose>Unspecified</pose>
		<truncated>0</truncated>
		<difficult>0</difficult>
		<bndbox>
			<xmin>622</xmin>
			<ymin>691</ymin>
			<xmax>693</xmax>
			<ymax>818</ymax>
		</bndbox>
	</object>
	<object>
		<name>mid</name>
		<pose>Unspecified</pose>
		<truncated>0</truncated>
		<difficult>0</difficult>
		<bndbox>
			<xmin>357</xmin>
			<ymin>681</ymin>
			<xmax>432</xmax>
			<ymax>803</ymax>
		</bndbox>
	</object>
</annotation>
