<annotation>
	<folder>mid</folder>
	<filename>mid-22-girl-0212.jpg</filename>
	<path>D:\git\skin_classification\data\train\mid\mid-22-girl-0212.jpg</path>
	<source>
		<database>Unknown</database>
	</source>
	<size>
		<width>655</width>
		<height>885</height>
		<depth>3</depth>
	</size>
	<segmented>0</segmented>
	<object>
		<name>mid</name>
		<pose>Unspecified</pose>
		<truncated>0</truncated>
		<difficult>0</difficult>
		<bndbox>
			<xmin>171</xmin>
			<ymin>170</ymin>
			<xmax>317</xmax>
			<ymax>290</ymax>
		</bndbox>
	</object>
	<object>
		<name>mid</name>
		<pose>Unspecified</pose>
		<truncated>0</truncated>
		<difficult>0</difficult>
		<bndbox>
			<xmin>52</xmin>
			<ymin>538</ymin>
			<xmax>138</xmax>
			<ymax>669</ymax>
		</bndbox>
	</object>
	<object>
		<name>mid</name>
		<pose>Unspecified</pose>
		<truncated>0</truncated>
		<difficult>0</difficult>
		<bndbox>
			<xmin>232</xmin>
			<ymin>505</ymin>
			<xmax>288</xmax>
			<ymax>588</ymax>
		</bndbox>
	</object>
	<object>
		<name>mid</name>
		<pose>Unspecified</pose>
		<truncated>0</truncated>
		<difficult>0</difficult>
		<bndbox>
			<xmin>449</xmin>
			<ymin>525</ymin>
			<xmax>542</xmax>
			<ymax>648</ymax>
		</bndbox>
	</object>
</annotation>
