<annotation>
	<folder>mid</folder>
	<filename>mid-girl-1.jpg</filename>
	<path>D:\git\skin_classification\data\train\mid\mid-girl-1.jpg</path>
	<source>
		<database>Unknown</database>
	</source>
	<size>
		<width>1080</width>
		<height>1440</height>
		<depth>3</depth>
	</size>
	<segmented>0</segmented>
	<object>
		<name>mid</name>
		<pose>Unspecified</pose>
		<truncated>0</truncated>
		<difficult>0</difficult>
		<bndbox>
			<xmin>443</xmin>
			<ymin>274</ymin>
			<xmax>643</xmax>
			<ymax>405</ymax>
		</bndbox>
	</object>
	<object>
		<name>mid</name>
		<pose>Unspecified</pose>
		<truncated>0</truncated>
		<difficult>0</difficult>
		<bndbox>
			<xmin>314</xmin>
			<ymin>589</ymin>
			<xmax>407</xmax>
			<ymax>738</ymax>
		</bndbox>
	</object>
	<object>
		<name>mid</name>
		<pose>Unspecified</pose>
		<truncated>0</truncated>
		<difficult>0</difficult>
		<bndbox>
			<xmin>487</xmin>
			<ymin>574</ymin>
			<xmax>574</xmax>
			<ymax>725</ymax>
		</bndbox>
	</object>
	<object>
		<name>mid</name>
		<pose>Unspecified</pose>
		<truncated>0</truncated>
		<difficult>0</difficult>
		<bndbox>
			<xmin>660</xmin>
			<ymin>620</ymin>
			<xmax>740</xmax>
			<ymax>754</ymax>
		</bndbox>
	</object>
</annotation>
