<annotation>
	<folder>mid</folder>
	<filename>mid-girl-3.jpg</filename>
	<path>D:\git\skin_classification\data\train\mid\mid-girl-3.jpg</path>
	<source>
		<database>Unknown</database>
	</source>
	<size>
		<width>960</width>
		<height>1280</height>
		<depth>3</depth>
	</size>
	<segmented>0</segmented>
	<object>
		<name>mid</name>
		<pose>Unspecified</pose>
		<truncated>0</truncated>
		<difficult>0</difficult>
		<bndbox>
			<xmin>434</xmin>
			<ymin>201</ymin>
			<xmax>624</xmax>
			<ymax>324</ymax>
		</bndbox>
	</object>
	<object>
		<name>mid</name>
		<pose>Unspecified</pose>
		<truncated>0</truncated>
		<difficult>0</difficult>
		<bndbox>
			<xmin>193</xmin>
			<ymin>668</ymin>
			<xmax>332</xmax>
			<ymax>822</ymax>
		</bndbox>
	</object>
	<object>
		<name>mid</name>
		<pose>Unspecified</pose>
		<truncated>0</truncated>
		<difficult>0</difficult>
		<bndbox>
			<xmin>671</xmin>
			<ymin>683</ymin>
			<xmax>846</xmax>
			<ymax>854</ymax>
		</bndbox>
	</object>
	<object>
		<name>mid</name>
		<pose>Unspecified</pose>
		<truncated>0</truncated>
		<difficult>0</difficult>
		<bndbox>
			<xmin>438</xmin>
			<ymin>630</ymin>
			<xmax>583</xmax>
			<ymax>795</ymax>
		</bndbox>
	</object>
</annotation>
