<annotation>
	<folder>oil</folder>
	<filename>oil-27-girl-020501.jpg</filename>
	<path>D:\git\skin_classification\data\train\oil\oil-27-girl-020501.jpg</path>
	<source>
		<database>Unknown</database>
	</source>
	<size>
		<width>960</width>
		<height>1280</height>
		<depth>3</depth>
	</size>
	<segmented>0</segmented>
	<object>
		<name>oil</name>
		<pose>Unspecified</pose>
		<truncated>0</truncated>
		<difficult>0</difficult>
		<bndbox>
			<xmin>452</xmin>
			<ymin>364</ymin>
			<xmax>595</xmax>
			<ymax>536</ymax>
		</bndbox>
	</object>
	<object>
		<name>oil</name>
		<pose>Unspecified</pose>
		<truncated>0</truncated>
		<difficult>0</difficult>
		<bndbox>
			<xmin>381</xmin>
			<ymin>734</ymin>
			<xmax>542</xmax>
			<ymax>913</ymax>
		</bndbox>
	</object>
	<object>
		<name>oil</name>
		<pose>Unspecified</pose>
		<truncated>0</truncated>
		<difficult>0</difficult>
		<bndbox>
			<xmin>397</xmin>
			<ymin>922</ymin>
			<xmax>552</xmax>
			<ymax>1064</ymax>
		</bndbox>
	</object>
</annotation>
