<annotation>
	<folder>oil</folder>
	<filename>oil-girl-1-1.jpg</filename>
	<path>D:\git\skin_classification\data\train\oil\oil-girl-1-1.jpg</path>
	<source>
		<database>Unknown</database>
	</source>
	<size>
		<width>960</width>
		<height>1280</height>
		<depth>3</depth>
	</size>
	<segmented>0</segmented>
	<object>
		<name>oil</name>
		<pose>Unspecified</pose>
		<truncated>0</truncated>
		<difficult>0</difficult>
		<bndbox>
			<xmin>495</xmin>
			<ymin>542</ymin>
			<xmax>775</xmax>
			<ymax>760</ymax>
		</bndbox>
	</object>
	<object>
		<name>oil</name>
		<pose>Unspecified</pose>
		<truncated>0</truncated>
		<difficult>0</difficult>
		<bndbox>
			<xmin>428</xmin>
			<ymin>801</ymin>
			<xmax>648</xmax>
			<ymax>934</ymax>
		</bndbox>
	</object>
	<object>
		<name>oil</name>
		<pose>Unspecified</pose>
		<truncated>0</truncated>
		<difficult>0</difficult>
		<bndbox>
			<xmin>252</xmin>
			<ymin>1091</ymin>
			<xmax>542</xmax>
			<ymax>1240</ymax>
		</bndbox>
	</object>
</annotation>
