<annotation>
	<folder>oil</folder>
	<filename>oil-28-girl-0208.jpg</filename>
	<path>D:\git\skin_classification\data\train\oil\oil-28-girl-0208.jpg</path>
	<source>
		<database>Unknown</database>
	</source>
	<size>
		<width>960</width>
		<height>1280</height>
		<depth>3</depth>
	</size>
	<segmented>0</segmented>
	<object>
		<name>oil</name>
		<pose>Unspecified</pose>
		<truncated>0</truncated>
		<difficult>0</difficult>
		<bndbox>
			<xmin>487</xmin>
			<ymin>279</ymin>
			<xmax>610</xmax>
			<ymax>430</ymax>
		</bndbox>
	</object>
	<object>
		<name>oil</name>
		<pose>Unspecified</pose>
		<truncated>0</truncated>
		<difficult>0</difficult>
		<bndbox>
			<xmin>461</xmin>
			<ymin>732</ymin>
			<xmax>587</xmax>
			<ymax>887</ymax>
		</bndbox>
	</object>
	<object>
		<name>oil</name>
		<pose>Unspecified</pose>
		<truncated>0</truncated>
		<difficult>0</difficult>
		<bndbox>
			<xmin>746</xmin>
			<ymin>771</ymin>
			<xmax>875</xmax>
			<ymax>903</ymax>
		</bndbox>
	</object>
	<object>
		<name>oil</name>
		<pose>Unspecified</pose>
		<truncated>0</truncated>
		<difficult>0</difficult>
		<bndbox>
			<xmin>436</xmin>
			<ymin>1087</ymin>
			<xmax>638</xmax>
			<ymax>1217</ymax>
		</bndbox>
	</object>
</annotation>
