<annotation>
	<folder>oil</folder>
	<filename>oil-girl-11-2.jpg</filename>
	<path>D:\git\skin_classification\data\train\oil\oil-girl-11-2.jpg</path>
	<source>
		<database>Unknown</database>
	</source>
	<size>
		<width>960</width>
		<height>1280</height>
		<depth>3</depth>
	</size>
	<segmented>0</segmented>
	<object>
		<name>oil</name>
		<pose>Unspecified</pose>
		<truncated>0</truncated>
		<difficult>0</difficult>
		<bndbox>
			<xmin>487</xmin>
			<ymin>669</ymin>
			<xmax>681</xmax>
			<ymax>899</ymax>
		</bndbox>
	</object>
</annotation>
