<annotation>
	<folder>oil</folder>
	<filename>oil-girl-3-2.jpg</filename>
	<path>D:\git\skin_classification\data\train\oil\oil-girl-3-2.jpg</path>
	<source>
		<database>Unknown</database>
	</source>
	<size>
		<width>1080</width>
		<height>1905</height>
		<depth>3</depth>
	</size>
	<segmented>0</segmented>
	<object>
		<name>oil</name>
		<pose>Unspecified</pose>
		<truncated>0</truncated>
		<difficult>0</difficult>
		<bndbox>
			<xmin>497</xmin>
			<ymin>642</ymin>
			<xmax>653</xmax>
			<ymax>862</ymax>
		</bndbox>
	</object>
	<object>
		<name>oil</name>
		<pose>Unspecified</pose>
		<truncated>0</truncated>
		<difficult>0</difficult>
		<bndbox>
			<xmin>744</xmin>
			<ymin>768</ymin>
			<xmax>868</xmax>
			<ymax>936</ymax>
		</bndbox>
	</object>
	<object>
		<name>oil</name>
		<pose>Unspecified</pose>
		<truncated>0</truncated>
		<difficult>0</difficult>
		<bndbox>
			<xmin>453</xmin>
			<ymin>1112</ymin>
			<xmax>624</xmax>
			<ymax>1201</ymax>
		</bndbox>
	</object>
	<object>
		<name>oil</name>
		<pose>Unspecified</pose>
		<truncated>0</truncated>
		<difficult>0</difficult>
		<bndbox>
			<xmin>212</xmin>
			<ymin>771</ymin>
			<xmax>359</xmax>
			<ymax>924</ymax>
		</bndbox>
	</object>
</annotation>
