<annotation>
	<folder>oil</folder>
	<filename>oil-43-boy-021101.jpg</filename>
	<path>D:\git\skin_classification\data\train\oil\oil-43-boy-021101.jpg</path>
	<source>
		<database>Unknown</database>
	</source>
	<size>
		<width>960</width>
		<height>1280</height>
		<depth>3</depth>
	</size>
	<segmented>0</segmented>
	<object>
		<name>oil</name>
		<pose>Unspecified</pose>
		<truncated>0</truncated>
		<difficult>0</difficult>
		<bndbox>
			<xmin>346</xmin>
			<ymin>656</ymin>
			<xmax>512</xmax>
			<ymax>883</ymax>
		</bndbox>
	</object>
</annotation>
