<annotation>
	<folder>oil</folder>
	<filename>oil-girl-5.jpg</filename>
	<path>D:\git\skin_classification\data\train\oil\oil-girl-5.jpg</path>
	<source>
		<database>Unknown</database>
	</source>
	<size>
		<width>1080</width>
		<height>1440</height>
		<depth>3</depth>
	</size>
	<segmented>0</segmented>
	<object>
		<name>oil</name>
		<pose>Unspecified</pose>
		<truncated>0</truncated>
		<difficult>0</difficult>
		<bndbox>
			<xmin>174</xmin>
			<ymin>554</ymin>
			<xmax>363</xmax>
			<ymax>725</ymax>
		</bndbox>
	</object>
	<object>
		<name>oil</name>
		<pose>Unspecified</pose>
		<truncated>0</truncated>
		<difficult>0</difficult>
		<bndbox>
			<xmin>769</xmin>
			<ymin>536</ymin>
			<xmax>914</xmax>
			<ymax>711</ymax>
		</bndbox>
	</object>
	<object>
		<name>oil</name>
		<pose>Unspecified</pose>
		<truncated>0</truncated>
		<difficult>0</difficult>
		<bndbox>
			<xmin>500</xmin>
			<ymin>263</ymin>
			<xmax>618</xmax>
			<ymax>391</ymax>
		</bndbox>
	</object>
</annotation>
