<annotation>
	<folder>oil</folder>
	<filename>oil-boy-10.jpg</filename>
	<path>D:\git\skin_classification\data\train\oil\oil-boy-10.jpg</path>
	<source>
		<database>Unknown</database>
	</source>
	<size>
		<width>1080</width>
		<height>1440</height>
		<depth>3</depth>
	</size>
	<segmented>0</segmented>
	<object>
		<name>oil</name>
		<pose>Unspecified</pose>
		<truncated>0</truncated>
		<difficult>0</difficult>
		<bndbox>
			<xmin>229</xmin>
			<ymin>665</ymin>
			<xmax>380</xmax>
			<ymax>909</ymax>
		</bndbox>
	</object>
	<object>
		<name>oil</name>
		<pose>Unspecified</pose>
		<truncated>0</truncated>
		<difficult>0</difficult>
		<bndbox>
			<xmin>767</xmin>
			<ymin>643</ymin>
			<xmax>907</xmax>
			<ymax>907</ymax>
		</bndbox>
	</object>
	<object>
		<name>oil</name>
		<pose>Unspecified</pose>
		<truncated>0</truncated>
		<difficult>0</difficult>
		<bndbox>
			<xmin>529</xmin>
			<ymin>576</ymin>
			<xmax>667</xmax>
			<ymax>794</ymax>
		</bndbox>
	</object>
</annotation>
