<annotation>
	<folder>oil</folder>
	<filename>oil-girl-023601.jpg</filename>
	<path>D:\git\skin_classification\data\train\oil\oil-girl-023601.jpg</path>
	<source>
		<database>Unknown</database>
	</source>
	<size>
		<width>1080</width>
		<height>1440</height>
		<depth>3</depth>
	</size>
	<segmented>0</segmented>
	<object>
		<name>oil</name>
		<pose>Unspecified</pose>
		<truncated>0</truncated>
		<difficult>0</difficult>
		<bndbox>
			<xmin>492</xmin>
			<ymin>718</ymin>
			<xmax>694</xmax>
			<ymax>996</ymax>
		</bndbox>
	</object>
	<object>
		<name>oil</name>
		<pose>Unspecified</pose>
		<truncated>0</truncated>
		<difficult>0</difficult>
		<bndbox>
			<xmin>416</xmin>
			<ymin>105</ymin>
			<xmax>625</xmax>
			<ymax>269</ymax>
		</bndbox>
	</object>
</annotation>
