<annotation>
	<folder>oil</folder>
	<filename>oil-35-boy-0213.jpg</filename>
	<path>D:\git\skin_classification\data\train\oil\oil-35-boy-0213.jpg</path>
	<source>
		<database>Unknown</database>
	</source>
	<size>
		<width>960</width>
		<height>1280</height>
		<depth>3</depth>
	</size>
	<segmented>0</segmented>
	<object>
		<name>oil</name>
		<pose>Unspecified</pose>
		<truncated>0</truncated>
		<difficult>0</difficult>
		<bndbox>
			<xmin>171</xmin>
			<ymin>720</ymin>
			<xmax>267</xmax>
			<ymax>852</ymax>
		</bndbox>
	</object>
	<object>
		<name>oil</name>
		<pose>Unspecified</pose>
		<truncated>0</truncated>
		<difficult>0</difficult>
		<bndbox>
			<xmin>344</xmin>
			<ymin>705</ymin>
			<xmax>410</xmax>
			<ymax>811</ymax>
		</bndbox>
	</object>
	<object>
		<name>oil</name>
		<pose>Unspecified</pose>
		<truncated>0</truncated>
		<difficult>0</difficult>
		<bndbox>
			<xmin>546</xmin>
			<ymin>693</ymin>
			<xmax>646</xmax>
			<ymax>854</ymax>
		</bndbox>
	</object>
	<object>
		<name>oil</name>
		<pose>Unspecified</pose>
		<truncated>0</truncated>
		<difficult>0</difficult>
		<bndbox>
			<xmin>281</xmin>
			<ymin>344</ymin>
			<xmax>446</xmax>
			<ymax>489</ymax>
		</bndbox>
	</object>
</annotation>
