<annotation>
	<folder>oil</folder>
	<filename>oil-43-boy-0211.jpg</filename>
	<path>D:\git\skin_classification\data\train\oil\oil-43-boy-0211.jpg</path>
	<source>
		<database>Unknown</database>
	</source>
	<size>
		<width>960</width>
		<height>1280</height>
		<depth>3</depth>
	</size>
	<segmented>0</segmented>
	<object>
		<name>oil</name>
		<pose>Unspecified</pose>
		<truncated>0</truncated>
		<difficult>0</difficult>
		<bndbox>
			<xmin>648</xmin>
			<ymin>742</ymin>
			<xmax>838</xmax>
			<ymax>911</ymax>
		</bndbox>
	</object>
	<object>
		<name>oil</name>
		<pose>Unspecified</pose>
		<truncated>0</truncated>
		<difficult>0</difficult>
		<bndbox>
			<xmin>293</xmin>
			<ymin>150</ymin>
			<xmax>471</xmax>
			<ymax>324</ymax>
		</bndbox>
	</object>
	<object>
		<name>oil</name>
		<pose>Unspecified</pose>
		<truncated>0</truncated>
		<difficult>0</difficult>
		<bndbox>
			<xmin>334</xmin>
			<ymin>683</ymin>
			<xmax>465</xmax>
			<ymax>779</ymax>
		</bndbox>
	</object>
</annotation>
