<annotation>
	<folder>oil</folder>
	<filename>oil-boy-020301.jpg</filename>
	<path>D:\git\skin_classification\data\train\oil\oil-boy-020301.jpg</path>
	<source>
		<database>Unknown</database>
	</source>
	<size>
		<width>720</width>
		<height>926</height>
		<depth>3</depth>
	</size>
	<segmented>0</segmented>
	<object>
		<name>oil</name>
		<pose>Unspecified</pose>
		<truncated>0</truncated>
		<difficult>0</difficult>
		<bndbox>
			<xmin>83</xmin>
			<ymin>284</ymin>
			<xmax>301</xmax>
			<ymax>512</ymax>
		</bndbox>
	</object>
</annotation>
