<annotation>
	<folder>oil</folder>
	<filename>oil-boy-0203.jpg</filename>
	<path>D:\git\skin_classification\data\train\oil\oil-boy-0203.jpg</path>
	<source>
		<database>Unknown</database>
	</source>
	<size>
		<width>639</width>
		<height>1019</height>
		<depth>3</depth>
	</size>
	<segmented>0</segmented>
	<object>
		<name>oil</name>
		<pose>Unspecified</pose>
		<truncated>0</truncated>
		<difficult>0</difficult>
		<bndbox>
			<xmin>230</xmin>
			<ymin>302</ymin>
			<xmax>433</xmax>
			<ymax>436</ymax>
		</bndbox>
	</object>
	<object>
		<name>oil</name>
		<pose>Unspecified</pose>
		<truncated>0</truncated>
		<difficult>0</difficult>
		<bndbox>
			<xmin>117</xmin>
			<ymin>592</ymin>
			<xmax>212</xmax>
			<ymax>758</ymax>
		</bndbox>
	</object>
	<object>
		<name>oil</name>
		<pose>Unspecified</pose>
		<truncated>0</truncated>
		<difficult>0</difficult>
		<bndbox>
			<xmin>284</xmin>
			<ymin>571</ymin>
			<xmax>373</xmax>
			<ymax>658</ymax>
		</bndbox>
	</object>
	<object>
		<name>oil</name>
		<pose>Unspecified</pose>
		<truncated>0</truncated>
		<difficult>0</difficult>
		<bndbox>
			<xmin>447</xmin>
			<ymin>619</ymin>
			<xmax>534</xmax>
			<ymax>741</ymax>
		</bndbox>
	</object>
</annotation>
