<annotation>
	<folder>oil</folder>
	<filename>oil-boy-9-1.jpg</filename>
	<path>D:\git\skin_classification\data\train\oil\oil-boy-9-1.jpg</path>
	<source>
		<database>Unknown</database>
	</source>
	<size>
		<width>1080</width>
		<height>1440</height>
		<depth>3</depth>
	</size>
	<segmented>0</segmented>
	<object>
		<name>oil</name>
		<pose>Unspecified</pose>
		<truncated>0</truncated>
		<difficult>0</difficult>
		<bndbox>
			<xmin>660</xmin>
			<ymin>598</ymin>
			<xmax>976</xmax>
			<ymax>871</ymax>
		</bndbox>
	</object>
</annotation>
