<annotation>
	<folder>oil</folder>
	<filename>oil-girl-2.jpg</filename>
	<path>D:\git\skin_classification\data\train\oil\oil-girl-2.jpg</path>
	<source>
		<database>Unknown</database>
	</source>
	<size>
		<width>1080</width>
		<height>1437</height>
		<depth>3</depth>
	</size>
	<segmented>0</segmented>
	<object>
		<name>oil</name>
		<pose>Unspecified</pose>
		<truncated>0</truncated>
		<difficult>0</difficult>
		<bndbox>
			<xmin>183</xmin>
			<ymin>890</ymin>
			<xmax>394</xmax>
			<ymax>1110</ymax>
		</bndbox>
	</object>
	<object>
		<name>oil</name>
		<pose>Unspecified</pose>
		<truncated>0</truncated>
		<difficult>0</difficult>
		<bndbox>
			<xmin>416</xmin>
			<ymin>1042</ymin>
			<xmax>614</xmax>
			<ymax>1124</ymax>
		</bndbox>
	</object>
	<object>
		<name>oil</name>
		<pose>Unspecified</pose>
		<truncated>0</truncated>
		<difficult>0</difficult>
		<bndbox>
			<xmin>765</xmin>
			<ymin>853</ymin>
			<xmax>943</xmax>
			<ymax>1035</ymax>
		</bndbox>
	</object>
	<object>
		<name>oil</name>
		<pose>Unspecified</pose>
		<truncated>0</truncated>
		<difficult>0</difficult>
		<bndbox>
			<xmin>438</xmin>
			<ymin>302</ymin>
			<xmax>734</xmax>
			<ymax>448</ymax>
		</bndbox>
	</object>
</annotation>
