<annotation>
	<folder>oil</folder>
	<filename>oil-girl-12-1.jpg</filename>
	<path>D:\git\skin_classification\data\train\oil\oil-girl-12-1.jpg</path>
	<source>
		<database>Unknown</database>
	</source>
	<size>
		<width>1080</width>
		<height>1920</height>
		<depth>3</depth>
	</size>
	<segmented>0</segmented>
	<object>
		<name>oil</name>
		<pose>Unspecified</pose>
		<truncated>0</truncated>
		<difficult>0</difficult>
		<bndbox>
			<xmin>609</xmin>
			<ymin>746</ymin>
			<xmax>889</xmax>
			<ymax>955</ymax>
		</bndbox>
	</object>
</annotation>
