<annotation>
	<folder>oil</folder>
	<filename>oil-47-girl-020701.jpg</filename>
	<path>D:\git\skin_classification\data\train\oil\oil-47-girl-020701.jpg</path>
	<source>
		<database>Unknown</database>
	</source>
	<size>
		<width>960</width>
		<height>1280</height>
		<depth>3</depth>
	</size>
	<segmented>0</segmented>
	<object>
		<name>oil</name>
		<pose>Unspecified</pose>
		<truncated>0</truncated>
		<difficult>0</difficult>
		<bndbox>
			<xmin>371</xmin>
			<ymin>644</ymin>
			<xmax>654</xmax>
			<ymax>873</ymax>
		</bndbox>
	</object>
</annotation>
